Date,financials_Revenue,financials_Cost Of Goods Sold,financials_Gross Profit,financials_Research And Development Expenses,financials_SG&A Expenses,financials_Other Operating Income Or Expenses,financials_Operating Expenses,financials_Operating Income,financials_Total Non-Operating Income/Expense,financials_Pre-Tax Income,financials_Income Taxes,financials_Income After Taxes,financials_Other Income,financials_Income From Continuous Operations,financials_Income From Discontinued Operations,financials_Net Income,financials_EBITDA,financials_EBIT,financials_Basic Shares Outstanding,financials_Shares Outstanding,financials_Basic EPS,financials_EPS - Earnings Per Share,balance_sheet_Cash On Hand,balance_sheet_Receivables,balance_sheet_Inventory,balance_sheet_Pre-Paid Expenses,balance_sheet_Other Current Assets,balance_sheet_Total Current Assets,balance_sheet_Property Plant And Equipment,balance_sheet_Long-Term Investments,balance_sheet_Goodwill And Intangible Assets,balance_sheet_Other Long-Term Assets,balance_sheet_Total Long-Term Assets,balance_sheet_Total Assets,balance_sheet_Total Current Liabilities,balance_sheet_Long Term Debt,balance_sheet_Other Non-Current Liabilities,balance_sheet_Total Long Term Liabilities,balance_sheet_Total Liabilities,balance_sheet_Common Stock Net,balance_sheet_Retained Earnings (Accumulated Deficit),balance_sheet_Comprehensive Income,balance_sheet_Other Share Holders Equity,balance_sheet_Share Holder Equity,balance_sheet_Total Liabilities And Share Holders Equity,cash_flow_statement_Net Income/Loss,cash_flow_statement_Total Depreciation And Amortization - Cash Flow,cash_flow_statement_Other Non-Cash Items,cash_flow_statement_Total Non-Cash Items,cash_flow_statement_Change In Accounts Receivable,cash_flow_statement_Change In Inventories,cash_flow_statement_Change In Accounts Payable,cash_flow_statement_Change In Assets/Liabilities,cash_flow_statement_Total Change In Assets/Liabilities,cash_flow_statement_Cash Flow From Operating Activities,cash_flow_statement_Net Change In Property Plant And Equipment,cash_flow_statement_Net Change In Intangible Assets,cash_flow_statement_Net Acquisitions/Divestitures,cash_flow_statement_Net Change In Short-term Investments,cash_flow_statement_Net Change In Long-Term Investments,cash_flow_statement_Net Change In Investments - Total,cash_flow_statement_Investing Activities - Other,cash_flow_statement_Cash Flow From Investing Activities,cash_flow_statement_Net Long-Term Debt,cash_flow_statement_Net Current Debt,cash_flow_statement_Debt Issuance/Retirement Net - Total,cash_flow_statement_Net Common Equity Issued/Repurchased,cash_flow_statement_Net Total Equity Issued/Repurchased,cash_flow_statement_Total Common And Preferred Stock Dividends Paid,cash_flow_statement_Financial Activities - Other,cash_flow_statement_Cash Flow From Financial Activities,cash_flow_statement_Net Cash Flow,cash_flow_statement_Stock-Based Compensation,cash_flow_statement_Common Stock Dividends Paid,key_financial_ratios_Current Ratio,key_financial_ratios_Long-term Debt / Capital,key_financial_ratios_Debt/Equity Ratio,key_financial_ratios_Gross Margin,key_financial_ratios_Operating Margin,key_financial_ratios_EBIT Margin,key_financial_ratios_EBITDA Margin,key_financial_ratios_Pre-Tax Profit Margin,key_financial_ratios_Net Profit Margin,key_financial_ratios_Asset Turnover,key_financial_ratios_Inventory Turnover Ratio,key_financial_ratios_Receiveable Turnover,key_financial_ratios_Days Sales In Receivables,key_financial_ratios_ROE - Return On Equity,key_financial_ratios_Return On Tangible Equity,key_financial_ratios_ROA - Return On Assets,key_financial_ratios_ROI - Return On Investment,key_financial_ratios_Book Value Per Share,key_financial_ratios_Operating Cash Flow Per Share,key_financial_ratios_Free Cash Flow Per Share,Employees
2009-01-31,481.14,339.474,141.666,211.779,86.44,0.0,316.749,-175.083,4.708,-170.375,-22.71,-147.665,0.0,-147.665,0.0,-147.665,-127.028,-175.083,21925.0,21925.0,-0.01,-0.01,1255.39,318.435,537.834,39.794,0.0,2167.958,625.798,0.0,516.945,40.026,1182.769,3350.727,778.591,25.634,151.85,177.484,956.075,0.629,1964.169,3.865,0.0,2394.652,3350.727,-30.041,185.023,127.711,312.734,348.873,-177.295,-283.207,19.42,-33.333,249.36,-407.67,0.0,-27.948,226.693,0.0,226.693,-0.442,-209.367,0.0,0.0,0.0,-350.089,-350.089,0.0,0.815,-349.274,-309.281,162.706,0.0,2.7845,0.0106,0.0107,29.4438,-36.3893,-36.3893,0.0,-35.4107,-30.6907,0.1436,0.6312,1.511,59.5651,-6.1664,-7.8641,-4.407,-6.1011,0.1112,0.0114,-0.0072,3772
2009-04-30,664.231,474.535,189.696,301.797,118.864,0.0,420.661,-230.965,6.144,-224.821,-23.483,-201.338,0.0,-201.338,0.0,-201.338,-180.307,-230.965,21692.0,21692.0,-0.01,-0.01,1338.147,304.393,327.259,50.885,0.0,2020.684,601.053,0.0,512.29,44.677,1158.02,3178.704,702.172,25.351,132.305,157.656,859.828,0.636,1762.831,4.931,0.0,2318.876,3178.704,-201.338,50.658,148.261,198.919,14.171,211.233,7.25,0.445,144.547,142.128,-20.777,0.0,0.0,11.872,0.0,11.872,0.0,-8.905,-0.222,0.0,-0.222,-38.415,-38.415,0.0,0.0,-38.637,94.586,169.848,0.0,2.8778,0.0108,0.0109,28.5587,-34.7718,-34.7718,0.0,-33.8468,-30.3114,0.209,1.45,2.1821,41.2437,-8.6826,-11.1447,-6.334,-8.5887,0.1061,0.0066,0.0056,3772
2009-07-31,776.52,619.797,156.723,192.855,73.975,0.0,266.83,-110.107,3.006,-107.101,-1.799,-105.302,0.0,-105.302,0.0,-105.302,-60.785,-110.107,21866.0,21866.0,-0.0,-0.0,1466.105,351.96,279.216,50.548,0.0,2167.905,582.914,0.0,505.522,42.068,1130.504,3298.409,891.321,25.06,134.619,159.679,1051.0,0.638,1657.529,8.67,0.0,2247.409,3298.409,-105.302,49.322,20.769,70.091,-47.929,45.331,49.236,-17.594,170.328,135.117,-17.656,0.0,0.0,-114.283,0.0,-114.283,0.782,-131.157,0.119,0.0,0.119,7.432,7.432,0.0,0.0,7.551,11.511,25.376,0.0,2.4322,0.011,0.0112,20.1827,-14.1795,-14.1795,0.0,-13.7924,-13.5608,0.2354,2.2198,2.2063,40.7928,-4.6855,-6.0453,-3.1925,-4.6338,0.1026,0.0061,0.0053,3772
2009-10-31,903.206,511.423,391.783,197.948,85.99,0.0,283.938,107.845,2.362,110.207,2.63,107.577,0.0,107.577,0.0,107.577,156.615,107.845,22051.0,22975.0,0.01,0.0,1634.079,397.82,277.643,31.669,0.0,2357.716,565.296,0.0,497.661,42.901,1105.858,3463.574,888.806,24.76,126.373,151.133,1039.939,0.646,1765.106,9.645,0.0,2423.635,3463.574,107.577,48.77,27.257,76.027,-45.991,1.165,40.102,22.617,-42.287,141.317,-16.593,0.0,0.0,-77.904,0.0,-77.904,-1.0,-95.497,-0.215,0.0,-0.215,45.1,45.1,0.0,0.0,44.885,90.705,22.982,0.0,2.6527,0.0101,0.0102,43.3769,11.9403,11.9403,0.0,12.2018,11.9106,0.2608,1.842,2.2704,39.6408,4.4387,5.5856,3.106,4.3938,0.1092,0.0055,0.0049,3772
2010-01-31,982.488,543.767,438.721,216.251,88.188,0.0,304.439,134.282,5.139,139.421,8.345,131.076,0.0,131.076,0.0,131.076,182.196,134.282,21983.0,21983.0,0.01,0.01,1728.227,374.963,330.674,38.214,0.0,2480.83,571.858,0.0,490.302,42.928,1105.088,3585.918,784.378,24.45,111.95,136.4,920.778,0.653,1896.182,12.172,0.0,2665.14,3585.918,131.076,47.914,26.428,74.342,23.008,-53.073,22.778,-0.031,-136.173,69.245,-22.575,0.0,0.0,-261.199,0.0,-261.199,0.0,-283.774,-0.611,0.0,-0.611,45.837,45.837,0.0,2.034,47.26,-167.269,24.62,0.0,3.1628,0.0091,0.0092,44.6541,13.6675,13.6675,0.0,14.1906,13.3412,0.274,1.6444,2.6202,34.3482,4.9182,6.0269,3.6553,4.8735,0.1187,0.004,0.0029,5706
2010-04-30,1001.813,545.436,456.377,218.105,90.879,0.0,308.984,147.393,3.332,150.725,13.131,137.594,0.0,137.594,0.0,137.594,194.54,147.393,22687.0,23640.0,0.01,0.01,1764.896,529.663,388.139,35.53,0.0,2726.98,548.916,0.0,485.267,41.867,1076.05,3803.03,765.293,24.098,152.994,177.092,942.385,0.663,2033.776,10.872,0.0,2860.645,3803.03,137.594,47.147,41.549,88.696,-155.011,-56.816,16.822,3.746,-231.687,-5.397,-17.08,0.0,0.0,-40.262,0.0,-40.262,0.0,-57.342,-0.282,0.0,-0.282,63.062,63.062,0.0,0.0,62.78,0.041,25.177,0.0,3.5633,0.0084,0.0084,45.5551,14.7126,14.7126,0.0,15.0452,13.7345,0.2634,1.4053,1.8914,47.5834,4.8099,5.7925,3.618,4.7697,0.125,-0.0002,-0.001,5706
2010-07-31,811.208,676.916,134.292,210.635,98.864,0.0,309.499,-175.207,6.16,-169.047,-28.086,-140.961,0.0,-140.961,0.0,-140.961,-128.634,-175.207,22911.0,22911.0,-0.01,-0.01,1772.5,395.934,434.227,44.549,0.0,2655.962,542.216,0.0,488.723,44.367,1075.306,3731.268,819.139,23.734,127.881,151.615,970.754,0.665,1892.815,11.234,0.0,2760.514,3731.268,-140.961,46.573,-1.095,45.478,133.818,-45.962,-84.308,-9.995,129.827,34.344,-37.644,0.0,0.0,-79.932,0.0,-79.932,-1.525,-119.101,-0.292,0.0,-0.292,14.79,14.79,0.0,0.0,14.498,-70.259,24.631,0.0,3.2424,0.0085,0.0086,16.5546,-21.5983,-21.5983,0.0,-20.8389,-17.3767,0.2174,1.5589,2.0488,43.9272,-5.1063,-6.2048,-3.7778,-5.0628,0.1202,0.0015,-0.0001,5706
2010-10-31,843.912,451.85,392.062,204.527,83.752,0.0,288.279,103.783,-0.198,103.585,18.723,84.862,0.0,84.862,0.0,84.862,150.659,103.783,23093.0,23306.0,0.0,0.0,1987.22,399.502,377.812,34.416,0.0,2807.702,585.672,0.0,482.486,39.719,1107.877,3915.579,816.489,23.359,177.851,201.21,1017.699,0.671,1977.677,12.667,0.0,2897.88,3915.579,84.862,46.876,39.741,86.617,-3.374,56.032,45.618,14.911,40.698,212.177,-21.823,0.0,0.0,-142.03,0.0,-142.03,-0.131,-163.984,-0.301,0.0,-0.301,26.279,26.279,0.0,0.0,25.978,74.171,25.177,0.0,3.4388,0.008,0.0081,46.4577,12.2978,12.2978,0.0,12.2744,10.0558,0.2155,1.196,2.1124,42.6054,2.9284,3.5134,2.1673,2.905,0.1247,0.009,0.0082,5706
2011-01-31,886.376,460.017,426.359,215.563,88.018,0.0,246.581,179.778,6.128,185.906,14.255,171.651,0.0,171.651,0.0,171.651,226.171,179.778,23007.0,23547.0,0.01,0.01,2490.563,348.77,345.525,32.636,0.0,3226.95,568.857,0.0,658.589,40.85,1268.296,4495.246,942.682,23.389,347.713,371.102,1313.784,0.677,2149.328,10.272,0.0,3181.462,4495.246,171.651,46.393,3.768,50.161,50.908,32.618,-47.918,4.197,212.861,434.673,-21.343,0.0,0.0,-287.401,0.0,-287.401,-0.507,-309.251,0.304,0.0,0.304,73.145,73.145,0.0,15.316,88.765,214.187,25.368,0.0,3.4232,0.0073,0.0074,48.1014,20.2823,20.2824,0.0,20.9737,19.3655,0.1972,1.3314,2.5414,35.4131,5.3954,6.8038,3.8185,5.356,0.1351,0.0184,0.0174,6029
2011-04-30,962.039,477.536,484.503,231.524,98.117,0.0,329.641,154.862,1.623,156.485,21.266,135.219,0.0,135.219,0.0,135.219,202.626,154.862,23792.0,24539.0,0.01,0.01,2726.541,343.202,380.964,36.6,0.0,3496.763,553.366,0.0,648.605,38.01,1239.981,4736.744,981.166,22.957,284.813,307.77,1288.936,0.688,2284.547,11.121,0.0,3447.808,4736.744,135.219,47.764,28.705,76.469,5.82,-35.183,53.74,-0.738,-39.488,172.2,-31.195,0.0,0.0,-220.928,0.0,-220.928,-0.383,-252.506,-0.352,0.0,-0.352,85.286,85.286,0.0,13.644,98.578,18.272,31.739,0.0,3.5639,0.0066,0.0067,50.3621,16.0973,16.0973,0.0,16.266,14.0555,0.2031,1.2535,2.8031,32.107,3.9219,4.8306,2.8547,3.8959,0.1436,0.007,0.0057,6029
2011-07-31,1016.517,491.233,525.284,247.721,103.533,0.0,351.254,174.03,3.517,177.547,25.974,151.573,0.0,151.573,0.0,151.573,226.189,174.03,24054.0,24557.0,0.01,0.01,2474.496,419.944,361.911,34.925,0.0,3317.557,550.896,0.0,951.649,44.322,1546.867,4864.424,960.299,22.493,192.163,214.656,1174.955,0.691,2436.12,14.434,0.0,3689.469,4864.424,151.573,52.159,44.74,96.899,-63.331,33.014,-62.106,2.001,-166.451,82.021,-23.323,0.0,-348.884,100.496,0.0,100.496,-1.507,-273.218,-10.698,0.0,-10.698,39.499,39.499,0.0,11.377,40.178,-151.019,35.95,0.0,3.4547,0.0061,0.0061,51.6749,17.1202,17.1202,0.0,17.4662,14.911,0.209,1.3573,2.4206,37.1808,4.1083,5.5363,3.116,4.0834,0.1528,0.0034,0.0024,6029
2011-10-31,1066.18,509.463,556.717,256.498,103.129,0.0,359.627,197.09,7.697,204.787,26.514,178.273,0.0,178.273,0.0,178.273,249.477,197.09,24283.0,24542.0,0.01,0.01,2748.354,371.261,319.602,34.573,0.0,3500.071,551.757,0.0,990.892,46.323,1588.972,5089.043,886.684,21.949,206.96,228.909,1115.593,0.698,2614.393,8.997,0.0,3973.45,5089.043,178.273,52.387,2.701,55.088,48.677,41.917,17.584,-4.22,11.056,244.417,-39.035,0.0,0.0,-250.11,0.0,-250.11,0.0,-289.145,-0.457,0.0,-0.457,51.705,51.705,0.0,27.682,78.93,34.202,33.229,0.0,3.9474,0.0055,0.0055,52.216,18.4856,18.4856,0.0,19.2075,16.7207,0.2095,1.5941,2.8718,31.3394,4.4866,5.9772,3.5031,4.462,0.1627,0.0099,0.0084,6029
2012-01-31,953.194,463.181,490.013,266.862,100.834,0.0,367.696,122.317,2.26,124.577,8.552,116.025,0.0,116.025,0.0,116.025,174.212,122.317,24146.0,24655.0,0.0,0.0,3129.576,336.143,340.297,49.411,0.0,3905.358,560.072,0.0,967.166,120.332,1647.57,5552.928,929.958,21.439,455.807,477.246,1407.204,0.7,2730.418,10.614,0.0,4145.724,5552.928,116.025,51.895,45.566,97.461,35.07,-20.864,26.49,-82.54,197.032,410.518,-45.182,0.0,0.0,-283.613,0.0,-283.613,0.3,-328.495,9.899,0.0,9.899,19.367,19.367,0.0,-10.229,19.037,101.06,35.436,0.0,4.1995,0.0051,0.0052,51.4075,12.8323,12.8323,0.0,13.0694,12.1722,0.1717,1.3611,2.8357,31.7384,2.7987,3.6502,2.0894,2.7843,0.1693,0.0166,0.0147,5042
2012-04-30,924.877,461.513,463.364,283.902,106.636,0.0,390.538,72.826,4.269,77.095,16.658,60.437,0.0,60.437,0.0,60.437,127.317,72.826,24631.0,24951.0,0.0,0.0,3130.812,411.155,342.707,97.511,0.0,4032.116,553.541,0.0,1004.425,118.085,1676.051,5708.167,947.404,20.83,452.505,473.335,1420.739,0.707,2790.855,10.447,0.0,4287.428,5708.167,60.437,54.491,35.975,90.466,-75.369,-2.191,33.516,-49.982,-160.111,-9.208,-28.923,0.0,0.0,-306.347,0.0,-306.347,0.216,-335.054,-0.515,0.0,-0.515,37.361,37.361,0.0,8.675,45.521,-298.741,35.569,0.0,4.256,0.0048,0.0049,50.1001,7.8741,7.8741,0.0,8.3357,6.5346,0.162,1.3467,2.2495,40.0096,1.4096,1.8409,1.0588,1.4028,0.1732,-0.0004,-0.0015,5042
2012-07-31,1044.27,503.551,540.719,281.193,119.903,0.0,401.096,139.623,5.585,145.208,26.162,119.046,0.0,119.046,0.0,119.046,195.818,139.623,24760.0,24926.0,0.0,0.0,3278.1,445.312,387.185,53.323,0.0,4213.851,574.056,0.0,987.968,116.006,1678.03,5891.881,1021.96,20.237,396.019,416.256,1438.216,0.713,2909.901,11.159,0.0,4453.665,5891.881,119.046,56.195,59.982,116.177,-33.849,-44.643,32.13,46.564,-34.337,200.886,-61.944,0.0,0.0,-22.461,0.0,-22.461,-0.298,-84.703,-0.496,0.0,-0.496,5.317,5.317,0.0,9.479,14.3,130.483,32.255,0.0,4.1233,0.0045,0.0045,51.7796,13.3704,13.3704,0.0,13.9052,11.3999,0.1772,1.3005,2.345,38.379,2.673,3.435,2.0205,2.6609,0.1797,0.0081,0.0055,5042
2012-10-31,1204.11,567.452,636.658,284.18,100.261,0.0,384.441,252.217,1.411,253.628,44.548,209.08,0.0,209.08,0.0,209.08,309.365,252.217,24894.0,25154.0,0.01,0.01,3434.772,444.944,428.983,66.197,0.0,4424.827,566.54,0.0,972.278,111.499,1650.317,6075.144,991.359,19.627,341.312,360.939,1352.298,0.719,3118.981,10.86,0.0,4722.846,6075.144,209.08,57.148,61.952,119.1,0.21,-41.544,-16.547,-8.584,-146.695,181.485,-44.684,0.0,0.0,-138.332,0.0,-138.332,0.217,-182.799,1.011,0.0,1.011,20.103,20.103,0.0,5.97,27.084,25.77,33.069,0.0,4.4634,0.0041,0.0042,52.8737,20.9463,20.9463,0.0,21.0635,17.3639,0.1982,1.3228,2.7062,33.2569,4.427,5.5746,3.4416,4.4087,0.189,0.0071,0.0054,5042
2013-01-31,1106.902,521.3,585.603,298.007,104.022,0.0,402.029,183.574,2.535,186.108,12.135,173.973,0.0,173.973,0.0,173.973,241.975,183.573,24773.0,24998.0,0.01,0.01,3727.883,454.252,412.467,76.92,0.0,4775.258,576.144,0.0,953.362,107.481,1636.987,6412.245,976.223,18.998,589.321,608.319,1584.542,0.72,3246.088,9.981,0.0,4827.703,6412.245,173.973,58.401,10.955,69.356,-9.932,9.429,-38.214,48.19,207.68,451.009,-47.758,0.0,0.0,-93.895,0.0,-93.895,0.217,-141.436,-2.049,0.0,-2.049,-97.846,-97.846,-46.866,44.586,-102.175,207.398,35.769,-46.866,4.8916,0.0039,0.0039,52.9046,16.5844,16.5844,0.0,16.8134,15.7171,0.1726,1.2639,2.4368,36.9343,3.6036,4.4904,2.7131,3.5895,0.1957,0.0182,0.0162,7974
2013-04-30,954.739,436.171,518.568,327.161,108.626,0.0,435.787,82.781,5.281,88.062,10.171,77.891,0.0,77.891,0.0,77.891,142.525,82.781,24675.0,24772.0,0.0,0.0,3713.351,346.998,377.597,62.334,0.0,4606.616,588.023,0.0,977.763,107.125,1672.911,6279.527,925.577,18.333,510.681,529.014,1454.591,0.725,3277.713,10.293,0.0,4824.936,6279.527,77.891,59.744,25.202,84.946,108.476,41.51,-53.101,9.173,12.813,175.65,-65.667,0.0,0.0,-163.669,0.0,-163.669,-1.45,-230.786,-0.576,0.0,-0.576,-77.004,-77.004,-46.267,7.62,-116.227,-171.363,33.397,-46.267,4.977,0.0038,0.0038,54.3152,8.6705,8.6705,0.0,9.2237,8.1584,0.152,1.1551,2.7514,32.7103,1.6143,2.0246,1.2404,1.6082,0.2087,0.0071,0.0044,7974
2013-07-31,977.238,431.7,545.538,331.738,108.266,0.0,440.004,105.534,6.286,111.82,15.372,96.448,0.0,96.448,0.0,96.448,167.374,105.534,23414.0,23680.0,0.0,0.0,2935.893,418.123,378.28,81.876,0.0,3922.608,578.948,0.0,963.55,104.486,1646.984,5569.592,935.791,17.685,443.943,461.628,1397.419,0.726,3330.815,5.897,0.0,4172.173,5569.592,96.448,61.84,31.486,93.326,-71.205,-6.788,16.649,-9.684,-93.305,96.469,-84.986,0.0,0.0,796.804,0.0,796.804,0.0,711.818,-0.593,0.0,-0.593,-741.693,-741.693,-43.343,7.24,-778.389,29.898,32.395,-43.343,4.1918,0.0042,0.0042,55.8245,10.7992,10.7992,0.0,11.4425,9.8694,0.1755,1.1412,2.3372,38.5076,2.3117,3.0059,1.7317,2.3019,0.1803,0.0044,0.0007,7974
2013-10-31,1053.967,469.552,584.415,340.294,103.133,0.0,443.427,140.988,0.496,141.484,22.75,118.734,0.0,118.734,0.0,118.734,203.714,140.988,23235.0,23550.0,0.01,0.01,3032.954,447.631,380.319,81.701,0.0,4049.841,595.418,0.0,963.768,102.346,1661.532,5711.373,985.927,17.015,387.784,404.799,1390.726,0.732,3406.154,5.862,0.0,4320.647,5711.373,118.734,62.726,38.885,101.611,-29.465,-2.544,-1.924,-173.915,-58.03,162.315,-38.159,0.0,-17.145,-131.069,0.0,-131.069,-1.0,-187.373,-0.611,0.0,-0.611,33.446,33.446,-43.397,6.383,-4.179,-29.237,34.299,-43.397,4.1076,0.0039,0.0039,55.4491,13.3769,13.3769,0.0,13.424,11.2654,0.1845,1.2346,2.3545,38.224,2.7481,3.537,2.0789,2.7373,0.19,0.0069,0.0053,7974
2014-01-31,1144.056,524.577,619.479,336.807,115.975,0.0,452.782,166.697,1.937,168.634,21.707,146.927,0.0,146.927,0.0,146.927,226.387,166.697,23520.0,23800.0,0.01,0.01,4671.81,426.357,387.765,70.285,0.0,5624.711,582.74,0.0,939.191,104.252,1626.183,7250.894,945.496,1373.875,475.125,1849.0,2794.496,0.732,3504.742,4.877,0.0,4456.398,7250.894,146.927,59.69,42.427,102.117,21.194,-7.178,18.376,186.426,151.522,400.566,-41.188,0.0,0.145,-1056.066,0.0,-1056.066,-2.55,-1099.659,1310.78,0.0,1310.78,26.251,26.251,-47.993,-0.243,1288.795,589.702,35.909,-47.993,5.949,0.2356,0.3083,54.1476,14.5707,14.5707,0.0,14.74,12.8426,0.1578,1.3528,2.6833,33.5404,3.297,4.1774,2.0263,2.5201,0.1961,0.0167,0.015,6384
2014-04-30,1103.0,499.0,604.0,334.0,119.0,0.0,453.0,151.0,12.0,163.0,26.0,137.0,0.0,137.0,0.0,137.0,213.0,151.0,22360.0,22800.0,0.01,0.01,4347.817,396.438,393.28,71.067,0.0,5273.798,570.802,0.0,920.709,99.354,1590.865,6864.663,897.945,1379.959,419.774,1799.733,2697.678,0.743,3594.527,6.364,0.0,4166.985,6864.663,137.0,62.0,44.0,106.0,28.0,-6.0,-15.0,-1.0,-92.0,151.0,-8.0,0.0,0.0,-322.0,0.0,-322.0,0.0,-330.0,-1.0,0.0,-1.0,-420.0,-420.0,-47.0,4.0,-464.0,-643.0,36.0,-47.0,5.8732,0.2488,0.3312,54.7598,13.6899,13.6899,0.0,14.7779,12.4207,0.1607,1.2688,2.7823,32.3476,3.2877,4.2202,1.9957,2.4698,0.1867,0.0066,0.0063,6384
2014-07-31,1103.0,484.0,619.0,337.0,119.0,0.0,456.0,163.0,-8.0,155.0,27.0,128.0,0.0,128.0,0.0,128.0,226.0,163.0,22320.0,22840.0,0.01,0.01,4386.054,469.625,387.434,67.776,0.0,5377.586,556.911,0.0,903.792,95.43,1556.133,6933.719,868.729,1386.091,374.113,1760.204,2628.933,0.744,3675.071,4.378,0.0,4304.786,6933.719,128.0,63.0,61.0,124.0,-74.0,7.0,-49.0,4.0,-156.0,96.0,-23.0,0.0,0.0,-41.0,0.0,-41.0,0.0,-64.0,0.0,0.0,0.0,18.0,18.0,-47.0,3.0,-26.0,6.0,38.0,-47.0,6.1902,0.2436,0.322,56.1197,14.7779,14.7779,0.0,14.0526,11.6047,0.1591,1.2492,2.3487,38.3194,2.9734,3.7636,1.8461,2.2492,0.1986,0.0042,0.0032,6384
2014-10-31,1225.0,549.0,676.0,340.0,123.0,0.0,463.0,213.0,-4.0,209.0,36.0,173.0,0.0,173.0,0.0,173.0,275.0,213.0,21920.0,22320.0,0.01,0.01,4240.797,563.4,408.081,67.333,0.0,5341.109,566.601,0.0,884.48,93.679,1544.76,6885.869,933.907,1392.236,355.133,1747.369,2681.276,0.752,3801.966,9.761,0.0,4204.593,6885.869,172.0,62.0,61.0,123.0,-92.0,-21.0,74.0,2.0,-79.0,216.0,-39.0,0.0,0.0,25.0,0.0,25.0,-1.0,-15.0,-1.0,0.0,-1.0,-279.0,-279.0,-46.0,5.0,-321.0,-120.0,41.0,-46.0,5.7191,0.2488,0.3311,55.1837,17.3878,17.3878,0.0,17.0612,14.1225,0.1779,1.3453,2.1743,41.3927,4.1145,5.2107,2.5124,3.091,0.1934,0.0099,0.0081,6384
2015-01-31,1251.0,551.0,700.0,349.0,119.0,0.0,468.0,232.0,-4.0,228.0,35.0,193.0,0.0,193.0,0.0,193.0,293.0,232.0,22080.0,22520.0,0.01,0.01,4623.0,474.0,483.0,70.0,0.0,5713.0,557.0,0.0,840.0,91.0,1488.0,7201.0,896.0,1398.0,489.0,1887.0,2783.0,1.0,3949.0,8.0,0.0,4418.0,7201.0,194.0,61.0,64.0,125.0,89.0,-75.0,-37.0,-1.0,124.0,443.0,-31.0,0.0,0.0,-287.0,0.0,-287.0,0.0,-318.0,2.0,0.0,2.0,21.0,21.0,-46.0,0.0,-23.0,102.0,43.0,-46.0,6.3761,0.2404,0.3164,55.9552,18.5452,18.5452,0.0,18.2254,15.4277,0.1737,1.1408,2.6392,34.1007,4.3685,5.3941,2.6802,3.3184,0.2027,0.0195,0.0181,9228
2015-04-30,1151.0,498.0,653.0,339.0,138.0,0.0,477.0,176.0,-4.0,172.0,38.0,134.0,0.0,134.0,0.0,134.0,237.0,176.0,21960.0,22720.0,0.01,0.01,4792.0,455.0,438.0,89.0,0.0,5832.0,547.0,0.0,823.0,89.0,1459.0,7291.0,883.0,1404.0,448.0,1852.0,2735.0,1.0,4037.0,8.0,0.0,4556.0,7291.0,134.0,61.0,71.0,132.0,18.0,45.0,-67.0,-17.0,-20.0,246.0,-30.0,0.0,0.0,-204.0,0.0,-204.0,-1.0,-235.0,-1.0,0.0,-1.0,-3.0,-3.0,-46.0,6.0,-44.0,-33.0,45.0,-46.0,6.6048,0.2356,0.3082,56.7333,15.2911,15.2911,0.0,14.9435,11.6421,0.1579,1.137,2.5297,35.5778,2.9412,3.5896,1.8379,2.2483,0.2117,0.0108,0.0095,9228
2015-07-31,1153.0,519.0,634.0,320.0,149.0,0.0,558.0,76.0,-4.0,72.0,46.0,26.0,0.0,26.0,0.0,26.0,132.0,76.0,21640.0,22240.0,0.0,0.0,4505.0,514.0,441.0,89.0,0.0,5608.0,497.0,0.0,808.0,66.0,1371.0,6979.0,936.0,1411.0,447.0,1858.0,2794.0,1.0,4010.0,1.0,0.0,4185.0,6979.0,26.0,56.0,121.0,177.0,-59.0,-3.0,54.0,4.0,-40.0,163.0,-22.0,0.0,0.0,245.0,0.0,245.0,24.0,247.0,-1.0,0.0,-1.0,-385.0,-385.0,-53.0,0.0,-439.0,-29.0,48.0,-53.0,5.9915,0.2521,0.3372,54.987,6.5915,6.5915,0.0,6.2446,2.255,0.1652,1.1769,2.2432,40.1214,0.6213,0.7699,0.3725,0.4646,0.1941,0.0076,0.0066,9228
2015-10-31,1305.0,571.0,734.0,329.0,152.0,0.0,489.0,245.0,0.0,245.0,-1.0,246.0,0.0,246.0,0.0,246.0,301.0,245.0,21680.0,22600.0,0.01,0.01,4728.0,536.0,425.0,93.0,0.0,5834.0,477.0,0.0,790.0,73.0,1340.0,7174.0,855.0,1417.0,437.0,1854.0,2709.0,1.0,4204.0,2.0,0.0,4465.0,7174.0,246.0,56.0,101.0,157.0,-22.0,17.0,20.0,-12.0,-148.0,255.0,-12.0,0.0,0.0,-187.0,0.0,-187.0,0.0,-199.0,-1.0,0.0,-1.0,35.0,35.0,-53.0,-1.0,-20.0,36.0,52.0,-53.0,6.8234,0.2409,0.3174,56.2452,18.774,18.774,0.0,18.774,18.8506,0.1819,1.3435,2.4347,36.9655,5.5095,6.6939,3.429,4.1823,0.2075,0.011,0.0104,9228
2016-01-31,1401.0,611.0,790.0,343.0,163.0,0.0,540.0,250.0,4.0,254.0,46.0,208.0,0.0,208.0,0.0,208.0,303.0,250.0,21720.0,22760.0,0.01,0.01,5037.0,505.0,418.0,93.0,0.0,6053.0,466.0,0.0,784.0,67.0,1317.0,7370.0,2351.0,97.0,453.0,550.0,2901.0,1.0,4350.0,-4.0,0.0,4469.0,7370.0,208.0,53.0,93.0,146.0,31.0,7.0,-18.0,9.0,157.0,511.0,-15.0,0.0,0.0,-199.0,0.0,-199.0,1.0,-213.0,3.0,0.0,3.0,-234.0,-234.0,-61.0,119.0,-173.0,125.0,59.0,-61.0,2.5746,0.0212,0.3379,56.3883,17.8444,17.8444,0.0,18.1299,14.8465,0.1901,1.4617,2.7743,32.4411,4.6543,5.6445,2.8223,4.5554,0.2073,0.0222,0.0217,9227
2016-04-30,1305.0,554.0,751.0,346.0,159.0,0.0,506.0,245.0,-4.0,241.0,33.0,208.0,0.0,208.0,0.0,208.0,298.0,245.0,21480.0,23960.0,0.01,0.01,4754.0,523.0,394.0,119.0,0.0,5790.0,479.0,0.0,773.0,66.0,1318.0,7108.0,2377.0,88.0,447.0,535.0,2912.0,1.0,4484.0,1.0,0.0,4196.0,7108.0,208.0,53.0,76.0,129.0,-17.0,23.0,32.0,-18.0,-18.0,319.0,-55.0,0.0,0.0,235.0,0.0,235.0,-4.0,176.0,0.0,0.0,0.0,-500.0,-500.0,-62.0,18.0,-544.0,-49.0,53.0,-62.0,2.4358,0.0205,0.3596,57.5479,18.774,18.774,0.0,18.4674,15.9387,0.1836,1.4061,2.4952,36.069,4.9571,6.0765,2.9263,4.8553,0.1964,0.0133,0.011,9227
2016-07-31,1428.0,602.0,826.0,350.0,157.0,0.0,509.0,317.0,0.0,317.0,56.0,261.0,0.0,261.0,0.0,261.0,370.0,317.0,21360.0,25360.0,0.01,0.01,4879.0,644.0,521.0,112.0,0.0,6156.0,485.0,0.0,756.0,64.0,1305.0,7461.0,2407.0,80.0,494.0,574.0,2981.0,1.0,4675.0,4.0,0.0,4480.0,7461.0,261.0,53.0,116.0,169.0,-121.0,-127.0,99.0,1.0,-230.0,200.0,-26.0,0.0,0.0,-247.0,0.0,-247.0,4.0,-269.0,0.0,0.0,0.0,-9.0,-9.0,-62.0,19.0,-52.0,-121.0,58.0,-62.0,2.5575,0.0175,0.3366,57.8431,22.1989,22.1989,0.0,22.1989,18.2773,0.1914,1.1555,2.2174,40.5882,5.8259,7.0086,3.4982,5.7237,0.2093,0.0072,0.0063,9227
2016-10-31,2004.0,821.0,1183.0,373.0,171.0,0.0,544.0,639.0,-18.0,621.0,79.0,542.0,0.0,542.0,0.0,542.0,693.0,639.0,21520.0,26120.0,0.03,0.02,6671.0,833.0,679.0,124.0,0.0,8307.0,503.0,0.0,738.0,64.0,1305.0,9612.0,2041.0,2034.0,213.0,2247.0,4288.0,1.0,5529.0,-4.0,0.0,5324.0,9612.0,543.0,54.0,151.0,205.0,-190.0,-157.0,87.0,-11.0,-316.0,432.0,-38.0,0.0,0.0,-289.0,0.0,-289.0,0.0,-327.0,1544.0,0.0,1544.0,0.0,0.0,-61.0,-74.0,1409.0,1514.0,65.0,-61.0,4.0701,0.2764,0.5719,59.0319,31.8862,31.8862,0.0,30.988,27.0459,0.2085,1.2091,2.4058,37.4102,10.1803,11.8186,5.6388,7.3661,0.2469,0.0159,0.0146,9227
2017-01-31,2173.0,870.0,1303.0,394.0,176.0,0.0,570.0,733.0,-7.0,726.0,71.0,655.0,0.0,655.0,0.0,655.0,760.0,733.0,21640.0,25960.0,0.03,0.02,6798.0,826.0,794.0,118.0,0.0,8536.0,521.0,0.0,722.0,62.0,1305.0,9841.0,1788.0,2014.0,277.0,2291.0,4079.0,1.0,6108.0,-16.0,0.0,5762.0,9841.0,654.0,27.0,155.0,182.0,7.0,-114.0,-34.0,10.0,-115.0,721.0,-50.0,0.0,0.0,-323.0,0.0,-323.0,0.0,-373.0,444.0,-673.0,-229.0,-230.0,-230.0,-76.0,13.0,-522.0,-174.0,71.0,-76.0,4.774,0.259,0.4877,59.9632,33.7322,33.7322,0.0,33.41,30.1427,0.2208,1.0957,2.6308,34.2108,11.3676,12.996,6.6558,8.4234,0.2462,0.028,0.026,10299
2017-04-30,1937.0,787.0,1150.0,411.0,185.0,0.0,596.0,554.0,-18.0,536.0,29.0,507.0,0.0,507.0,0.0,507.0,601.0,554.0,23680.0,25640.0,0.02,0.02,6206.0,976.0,821.0,113.0,0.0,8116.0,539.0,0.0,708.0,47.0,1294.0,9410.0,983.0,1995.0,300.0,2295.0,3278.0,1.0,6506.0,-14.0,0.0,6132.0,9410.0,507.0,47.0,119.0,166.0,-150.0,-27.0,-133.0,-2.0,-391.0,282.0,-54.0,0.0,0.0,808.0,0.0,808.0,0.0,754.0,-605.0,0.0,-605.0,65.0,65.0,-82.0,-191.0,-813.0,223.0,76.0,-82.0,8.2564,0.2455,0.3604,59.3702,28.6009,28.6009,0.0,27.6717,26.1745,0.2058,0.9586,1.9846,45.3485,8.2681,9.3473,5.3879,6.2385,0.2576,0.011,0.0089,10299
2017-07-31,2230.0,928.0,1302.0,416.0,198.0,0.0,614.0,688.0,-4.0,684.0,101.0,583.0,0.0,583.0,0.0,583.0,737.0,688.0,23880.0,25320.0,0.02,0.02,5877.0,1213.0,855.0,125.0,0.0,8070.0,578.0,0.0,694.0,60.0,1332.0,9402.0,1032.0,1989.0,408.0,2397.0,3429.0,1.0,7006.0,-12.0,0.0,5973.0,9402.0,584.0,49.0,182.0,231.0,-237.0,-34.0,70.0,-13.0,-110.0,705.0,-54.0,0.0,0.0,316.0,0.0,316.0,0.0,262.0,605.0,-741.0,-136.0,-823.0,-823.0,-84.0,75.0,-968.0,-1.0,82.0,-84.0,7.8198,0.2498,0.3471,58.3857,30.852,30.852,0.0,30.6727,26.1435,0.2372,1.0854,1.8384,48.9552,9.7606,11.0438,6.2008,7.3223,0.2489,0.028,0.0258,10299
2017-10-31,2636.0,1067.0,1569.0,462.0,212.0,0.0,674.0,895.0,1.0,896.0,58.0,838.0,0.0,838.0,0.0,838.0,944.0,895.0,24120.0,25120.0,0.03,0.03,6320.0,1167.0,857.0,135.0,0.0,8479.0,600.0,0.0,681.0,70.0,1351.0,9830.0,1027.0,1987.0,464.0,2451.0,3478.0,1.0,7760.0,-14.0,0.0,6352.0,9830.0,837.0,49.0,156.0,205.0,45.0,0.0,90.0,-11.0,115.0,1157.0,-69.0,0.0,0.0,355.0,0.0,355.0,0.0,286.0,0.0,-62.0,-62.0,-151.0,-151.0,-84.0,-332.0,-629.0,814.0,107.0,-84.0,8.2561,0.2383,0.3164,59.522,33.953,33.953,0.0,33.9909,31.7906,0.2682,1.245,2.2588,39.8445,13.1927,14.7769,8.5249,10.0492,0.262,0.0464,0.0436,10299
2018-01-31,2911.0,1110.0,1801.0,508.0,220.0,0.0,728.0,1073.0,7.0,1080.0,-39.0,1119.0,0.0,1119.0,0.0,1119.0,1127.0,1073.0,23960.0,25280.0,0.05,0.04,7108.0,1265.0,796.0,86.0,0.0,9255.0,997.0,0.0,670.0,319.0,1986.0,11241.0,1153.0,1985.0,632.0,2617.0,3770.0,1.0,8787.0,-18.0,0.0,7471.0,11241.0,1119.0,54.0,-386.0,-332.0,-98.0,61.0,63.0,47.0,571.0,1358.0,-414.0,0.0,0.0,390.0,0.0,390.0,0.0,-24.0,0.0,-9.0,-9.0,0.0,0.0,-91.0,-34.0,-134.0,1200.0,126.0,-91.0,8.0269,0.2099,0.2677,61.8688,36.8602,36.8602,0.0,37.1007,38.4404,0.259,1.3945,2.3012,39.1103,14.9779,16.4535,9.9546,11.8338,0.3082,0.0531,0.0369,8191
2018-04-30,3207.0,1139.0,2068.0,542.0,231.0,0.0,773.0,1295.0,16.0,1311.0,67.0,1244.0,0.0,1244.0,0.0,1244.0,1352.0,1295.0,24240.0,25080.0,0.05,0.05,7300.0,1220.0,797.0,131.0,0.0,9448.0,1066.0,0.0,673.0,273.0,2012.0,11460.0,1106.0,1986.0,651.0,2637.0,3743.0,1.0,9948.0,-23.0,0.0,7717.0,11460.0,1244.0,57.0,172.0,229.0,56.0,-2.0,22.0,-38.0,-28.0,1445.0,-118.0,0.0,0.0,-3433.0,0.0,-3433.0,0.0,-3551.0,0.0,-2.0,-2.0,-655.0,-655.0,-91.0,-383.0,-1131.0,-3237.0,129.0,-91.0,8.5425,0.2047,0.2592,64.4839,40.3804,40.3804,0.0,40.8793,38.7902,0.2798,1.4291,2.6287,34.2376,16.1203,17.6604,10.8552,12.8208,0.3178,0.0576,0.0529,8191
2018-07-31,3123.0,1148.0,1975.0,581.0,237.0,0.0,818.0,1157.0,23.0,1180.0,79.0,1101.0,0.0,1101.0,0.0,1101.0,1216.0,1157.0,24280.0,25040.0,0.05,0.04,7943.0,1662.0,1090.0,136.0,0.0,10831.0,1162.0,0.0,669.0,220.0,2051.0,12882.0,1462.0,1987.0,638.0,2625.0,4087.0,1.0,10957.0,-23.0,0.0,8795.0,12882.0,1101.0,59.0,181.0,240.0,-442.0,-293.0,150.0,-6.0,-428.0,913.0,-129.0,0.0,0.0,-676.0,0.0,-676.0,0.0,-805.0,0.0,0.0,0.0,0.0,0.0,-91.0,-64.0,-155.0,-47.0,133.0,-91.0,7.4083,0.1843,0.2275,63.2405,37.0477,37.0477,0.0,37.7842,35.2546,0.2424,1.0532,1.8791,47.8963,12.5185,13.5491,8.5468,10.2115,0.3616,0.0366,0.0314,8191
2018-10-31,3181.0,1260.0,1921.0,605.0,258.0,0.0,863.0,1058.0,23.0,1081.0,-149.0,1230.0,0.0,1230.0,0.0,1230.0,1126.0,1058.0,24360.0,25000.0,0.05,0.05,7591.0,2219.0,1417.0,159.0,0.0,11386.0,1292.0,0.0,667.0,312.0,2271.0,13657.0,1608.0,1987.0,587.0,2574.0,4182.0,1.0,12096.0,-24.0,0.0,9475.0,13657.0,1230.0,68.0,42.0,110.0,-557.0,-325.0,52.0,-24.0,-853.0,487.0,-150.0,0.0,0.0,369.0,0.0,369.0,0.0,219.0,0.0,-10.0,-10.0,-200.0,-200.0,-91.0,-402.0,-703.0,3.0,138.0,-91.0,7.0808,0.1734,0.21,60.3898,33.26,33.26,0.0,33.983,38.6671,0.2329,0.8892,1.4335,62.7821,12.9815,13.9646,9.0064,10.7311,0.3883,0.0196,0.0136,8191
2019-01-31,2205.0,998.0,1207.0,648.0,265.0,0.0,913.0,294.0,30.0,324.0,-242.0,566.0,0.0,566.0,0.0,566.0,372.0,294.0,24320.0,25000.0,0.02,0.02,7422.0,1424.0,1575.0,136.0,0.0,10557.0,1404.0,0.0,663.0,108.0,2735.0,13292.0,1329.0,1988.0,633.0,2621.0,3950.0,1.0,12565.0,-12.0,0.0,9342.0,13292.0,566.0,78.0,-198.0,-120.0,794.0,-156.0,-359.0,15.0,452.0,898.0,-203.0,0.0,0.0,252.0,0.0,252.0,-9.0,40.0,0.0,-4.0,-4.0,-724.0,-724.0,-98.0,-51.0,-877.0,61.0,157.0,-98.0,7.9436,0.1755,0.2128,54.7392,13.3333,13.3333,0.0,14.6939,25.6689,0.1659,0.6337,1.5485,58.1225,6.0587,6.5215,4.2582,4.9956,0.3854,0.0359,0.0278,13277
2019-04-30,2220.0,924.0,1296.0,674.0,264.0,0.0,938.0,358.0,31.0,389.0,-5.0,394.0,0.0,394.0,0.0,394.0,449.0,358.0,24280.0,24640.0,0.02,0.02,7802.0,1242.0,1426.0,159.0,0.0,10629.0,1473.0,0.0,672.0,110.0,3392.0,14021.0,1183.0,1988.0,660.0,3134.0,4317.0,1.0,12862.0,-2.0,0.0,9704.0,14021.0,394.0,91.0,134.0,225.0,182.0,153.0,-123.0,5.0,101.0,720.0,-128.0,0.0,0.0,1623.0,0.0,1623.0,0.0,1495.0,0.0,0.0,0.0,0.0,0.0,-97.0,-128.0,-225.0,1990.0,178.0,-97.0,8.9848,0.17,0.2049,58.3784,16.1261,16.1261,0.0,17.5225,17.7478,0.1583,0.648,1.7874,50.3514,4.0602,4.3623,2.8101,3.3698,0.3984,0.0292,0.024,13277
2019-07-31,2579.0,1038.0,1541.0,704.0,266.0,0.0,970.0,571.0,35.0,606.0,54.0,552.0,0.0,552.0,0.0,552.0,663.0,571.0,24360.0,24640.0,0.02,0.02,8475.0,1561.0,1204.0,151.0,0.0,11391.0,1484.0,0.0,667.0,110.0,3384.0,14775.0,1317.0,1989.0,650.0,3122.0,4439.0,1.0,13317.0,-1.0,0.0,10336.0,14775.0,553.0,92.0,241.0,333.0,-319.0,225.0,78.0,31.0,50.0,936.0,-113.0,0.0,0.0,3660.0,0.0,3660.0,-2.0,3545.0,0.0,0.0,0.0,0.0,0.0,-98.0,-50.0,-148.0,4333.0,223.0,-98.0,8.6492,0.1614,0.1924,59.7519,22.1404,22.1404,0.0,23.4975,21.4036,0.1746,0.8621,1.6521,54.4746,5.3406,5.709,3.736,4.4787,0.4243,0.038,0.0334,13277
2019-10-31,3014.0,1098.0,1916.0,712.0,277.0,0.0,989.0,927.0,32.0,959.0,60.0,899.0,0.0,899.0,0.0,899.0,1019.0,927.0,24400.0,24720.0,0.04,0.04,9769.0,1455.0,1047.0,149.0,0.0,12420.0,1517.0,0.0,661.0,116.0,3390.0,15810.0,1475.0,1990.0,662.0,3121.0,4596.0,1.0,14118.0,-3.0,0.0,11214.0,15810.0,898.0,92.0,249.0,341.0,105.0,153.0,136.0,29.0,401.0,1640.0,-103.0,0.0,0.0,1363.0,0.0,1363.0,-4.0,1256.0,0.0,0.0,0.0,0.0,0.0,-97.0,-139.0,-236.0,2660.0,223.0,-97.0,8.4203,0.1507,0.1775,63.57,30.7565,30.7565,0.0,31.8182,29.8275,0.1906,1.0487,2.0715,43.4473,8.0168,8.5189,5.6863,6.8085,0.4581,0.0661,0.062,13277
2020-01-31,3105.0,1090.0,2015.0,739.0,286.0,0.0,1025.0,990.0,26.0,1016.0,65.0,951.0,0.0,951.0,0.0,951.0,1096.0,990.0,24390.0,24720.0,0.04,0.04,10897.0,1657.0,979.0,157.0,0.0,13690.0,1674.0,0.0,667.0,118.0,3625.0,17315.0,1784.0,1991.0,775.0,3327.0,5111.0,1.0,14971.0,1.0,0.0,12204.0,17315.0,951.0,106.0,243.0,349.0,-201.0,66.0,103.0,40.0,165.0,1465.0,-145.0,0.0,-4.0,2.0,0.0,2.0,-4.0,-151.0,0.0,0.0,0.0,0.0,0.0,-98.0,-85.0,-183.0,1131.0,220.0,-98.0,7.6738,0.1403,0.1631,64.8953,31.8841,31.8841,0.0,32.7214,30.628,0.1793,1.1134,1.8739,48.029,7.7925,8.243,5.4923,6.6995,0.4985,0.0593,0.0534,13775
2020-04-30,3080.0,1076.0,2004.0,735.0,293.0,0.0,1028.0,976.0,5.0,981.0,64.0,917.0,0.0,917.0,0.0,917.0,1083.0,976.0,24560.0,24880.0,0.04,0.04,16354.0,1907.0,1128.0,195.0,0.0,19584.0,1715.0,0.0,708.0,119.0,3670.0,23254.0,1903.0,6959.0,774.0,8252.0,10155.0,1.0,15790.0,-10.0,0.0,13099.0,23254.0,917.0,107.0,244.0,351.0,-249.0,-151.0,71.0,2.0,-359.0,909.0,-155.0,0.0,-34.0,-860.0,0.0,-860.0,-6.0,-1055.0,4979.0,0.0,4979.0,0.0,0.0,-98.0,-137.0,4744.0,4598.0,224.0,-98.0,10.2911,0.3469,0.5313,65.0649,31.6883,31.6883,0.0,31.8507,29.7727,0.1325,0.9539,1.6151,55.724,7.0005,7.4005,3.9434,4.5717,0.5325,0.0365,0.0303,13775
2020-07-31,3866.0,1591.0,2275.0,997.0,627.0,0.0,1624.0,651.0,-42.0,609.0,-13.0,622.0,0.0,622.0,0.0,622.0,1055.0,651.0,24640.0,25040.0,0.03,0.03,10981.0,2084.0,1401.0,215.0,0.0,14681.0,1964.0,0.0,7047.0,157.0,10499.0,25180.0,2410.0,6960.0,1285.0,8856.0,11266.0,1.0,16313.0,4.0,0.0,13914.0,25180.0,622.0,404.0,285.0,689.0,44.0,54.0,-8.0,53.0,256.0,1567.0,-217.0,0.0,-7137.0,-6135.0,0.0,-6135.0,-1.0,-13490.0,-8.0,0.0,-8.0,0.0,0.0,-99.0,-190.0,-297.0,-12220.0,374.0,-99.0,6.0917,0.3334,0.5002,58.8464,16.8391,16.8391,0.0,15.7527,16.089,0.1535,1.1356,1.8551,48.5153,4.4703,9.0578,2.4702,2.9798,0.5638,0.0624,0.0537,13775
2020-10-31,4726.0,1766.0,2960.0,1047.0,515.0,0.0,1562.0,1398.0,-50.0,1348.0,12.0,1336.0,0.0,1336.0,0.0,1336.0,1697.0,1398.0,24720.0,25200.0,0.05,0.05,10139.0,2546.0,1495.0,213.0,0.0,14393.0,2059.0,0.0,7054.0,2028.0,12488.0,26881.0,3669.0,5963.0,1311.0,7878.0,11547.0,1.0,17550.0,12.0,0.0,15334.0,26881.0,1336.0,299.0,333.0,632.0,-462.0,-93.0,226.0,-390.0,-689.0,1279.0,-473.0,0.0,-1353.0,-182.0,0.0,-182.0,7.0,-2001.0,0.0,0.0,0.0,0.0,0.0,-99.0,-202.0,-301.0,-1023.0,383.0,-99.0,3.9229,0.28,0.454,62.6322,29.581,29.581,0.0,28.5231,28.2692,0.1758,1.1813,1.8562,48.485,8.7127,16.1353,4.9701,6.2732,0.6193,0.0501,0.0315,13775
2021-01-31,5003.0,1846.0,3157.0,1145.0,505.0,0.0,1650.0,1507.0,-36.0,1471.0,14.0,1457.0,0.0,1457.0,0.0,1457.0,1795.0,1507.0,24670.0,25100.0,0.06,0.06,11561.0,2429.0,1826.0,239.0,0.0,16055.0,2149.0,0.0,6930.0,2144.0,12736.0,28791.0,3925.0,5964.0,1375.0,7973.0,11898.0,3.0,18908.0,19.0,0.0,16893.0,28791.0,1457.0,288.0,233.0,521.0,117.0,-334.0,23.0,104.0,89.0,2067.0,-283.0,0.0,0.0,-2812.0,0.0,-2812.0,-34.0,-3129.0,-3.0,0.0,-3.0,0.0,0.0,-99.0,-240.0,-342.0,-1404.0,416.0,-99.0,4.0904,0.2609,0.4122,63.1021,30.1219,30.1219,0.0,29.4024,29.1225,0.1738,1.011,2.0597,43.6958,8.6249,14.6241,5.0606,6.3744,0.6814,0.083,0.0715,18975
2021-04-30,5661.0,2032.0,3629.0,1153.0,520.0,0.0,1673.0,1956.0,88.0,2044.0,132.0,1912.0,0.0,1912.0,0.0,1912.0,2237.0,1956.0,24840.0,25280.0,0.08,0.08,12667.0,3024.0,1992.0,444.0,0.0,18127.0,2268.0,0.0,6806.0,2090.0,12669.0,30796.0,4004.0,5964.0,1414.0,8018.0,12022.0,1.0,20721.0,14.0,0.0,18774.0,30796.0,1912.0,281.0,317.0,598.0,-595.0,-159.0,36.0,49.0,-636.0,1874.0,-298.0,0.0,0.0,-972.0,0.0,-972.0,-2.0,-1272.0,0.0,0.0,0.0,0.0,0.0,-99.0,-372.0,-471.0,131.0,429.0,-99.0,4.5272,0.2411,0.3709,64.1053,34.5522,34.5522,0.0,36.1067,33.775,0.1838,1.0201,1.872,48.0763,10.1843,15.9759,6.2086,7.729,0.7534,0.0741,0.0623,18975
2021-07-31,6507.0,2292.0,4215.0,1245.0,526.0,0.0,1771.0,2444.0,-50.0,2394.0,20.0,2374.0,0.0,2374.0,0.0,2374.0,2730.0,2444.0,24930.0,25320.0,0.1,0.09,19654.0,3586.0,2114.0,452.0,0.0,25806.0,2364.0,0.0,6671.0,2050.0,12844.0,38650.0,4448.0,10943.0,1396.0,13055.0,17503.0,3.0,22995.0,8.0,0.0,21147.0,38650.0,2373.0,286.0,299.0,585.0,-562.0,-123.0,209.0,67.0,-276.0,2682.0,-183.0,0.0,0.0,-2352.0,0.0,-2352.0,2.0,-2533.0,4985.0,0.0,4985.0,0.0,0.0,-99.0,-385.0,4501.0,4650.0,465.0,-99.0,5.8017,0.341,0.5648,64.7764,37.5596,37.5596,0.0,36.7912,36.4838,0.1684,1.0842,1.8146,49.5989,11.2262,16.3996,6.1423,7.3979,0.8472,0.1058,0.0986,18975
2021-10-31,7103.0,2472.0,4631.0,1403.0,557.0,0.0,1960.0,2671.0,-33.0,2638.0,174.0,2464.0,0.0,2464.0,0.0,2464.0,2969.0,2671.0,24990.0,25380.0,0.1,0.1,19298.0,3954.0,2233.0,321.0,0.0,25806.0,2509.0,0.0,6756.0,3761.0,14826.0,40632.0,3612.0,10944.0,1535.0,13222.0,16834.0,3.0,25359.0,9.0,0.0,23798.0,40632.0,2464.0,298.0,528.0,826.0,-366.0,-118.0,140.0,-1420.0,-1771.0,1519.0,-222.0,0.0,-203.0,-4014.0,0.0,-4014.0,0.0,-4439.0,-1008.0,0.0,-1008.0,0.0,0.0,-100.0,-312.0,-1420.0,-4340.0,559.0,-100.0,7.1445,0.315,0.4599,65.1978,37.6038,37.6038,0.0,37.1392,34.6896,0.1748,1.107,1.7964,50.1,10.3538,14.4584,6.0642,7.0923,0.9512,0.0595,0.0508,18975
2022-01-31,7643.0,2643.0,5000.0,1467.0,563.0,0.0,2030.0,2970.0,-105.0,2865.0,-137.0,3002.0,0.0,3002.0,0.0,3002.0,3279.0,2970.0,24960.0,25350.0,0.12,0.12,21208.0,4650.0,2605.0,366.0,0.0,28829.0,2778.0,0.0,6688.0,3841.0,15358.0,44187.0,4335.0,10946.0,1553.0,13240.0,17575.0,3.0,16235.0,-11.0,0.0,26612.0,44187.0,3003.0,309.0,401.0,710.0,-692.0,-374.0,183.0,-219.0,-680.0,3033.0,-273.0,0.0,-60.0,-1253.0,0.0,-1253.0,0.0,-1586.0,0.0,0.0,0.0,281.0,281.0,-101.0,-925.0,-745.0,702.0,551.0,-101.0,6.6503,0.2914,0.4113,65.4193,38.8591,38.8591,0.0,37.4853,39.2778,0.173,1.0146,1.6437,54.756,11.2806,15.0673,6.7939,7.993,1.0619,0.1199,0.1091,22473
2022-04-30,8288.0,2857.0,5431.0,1618.0,592.0,0.0,3563.0,1868.0,-63.0,1805.0,187.0,1618.0,0.0,1618.0,0.0,1618.0,2202.0,1868.0,25060.0,25370.0,0.07,0.06,20338.0,5438.0,3163.0,636.0,0.0,29575.0,2916.0,0.0,6576.0,3505.0,15637.0,45212.0,5562.0,10947.0,1631.0,13330.0,18892.0,3.0,15758.0,-64.0,0.0,26320.0,45212.0,1618.0,334.0,1429.0,1763.0,-788.0,-560.0,255.0,-1191.0,-1650.0,1731.0,-361.0,0.0,-36.0,3044.0,0.0,3044.0,-35.0,2612.0,0.0,0.0,0.0,-1996.0,-1996.0,-100.0,-350.0,-2446.0,1897.0,578.0,-100.0,5.3173,0.2937,0.4159,65.5285,22.5386,22.5386,0.0,21.7785,19.5222,0.1833,0.9033,1.5241,59.0516,6.1474,8.1949,3.5787,4.3416,1.0511,0.0682,0.054,22473
2022-07-31,6704.0,3789.0,2915.0,1824.0,592.0,0.0,2416.0,499.0,-24.0,475.0,-181.0,656.0,0.0,656.0,0.0,656.0,877.0,499.0,24950.0,25160.0,0.03,0.03,17037.0,5317.0,3889.0,1175.0,0.0,27418.0,3233.0,0.0,6408.0,3340.0,16058.0,43476.0,7573.0,9700.0,1609.0,12052.0,19625.0,2.0,12971.0,-90.0,0.0,23851.0,43476.0,656.0,378.0,207.0,585.0,120.0,-725.0,304.0,-303.0,29.0,1270.0,-433.0,0.0,-13.0,2094.0,0.0,2094.0,-30.0,1618.0,0.0,0.0,0.0,-3345.0,-3345.0,-100.0,-317.0,-3762.0,-874.0,648.0,-100.0,3.6205,0.2891,0.4591,43.4815,7.4433,7.4433,0.0,7.0853,9.7852,0.1542,0.9743,1.2609,71.3798,2.7504,3.7608,1.5089,1.9552,0.9525,0.0511,0.0337,22473
2022-10-31,5931.0,2754.0,3177.0,1945.0,631.0,0.0,2576.0,601.0,12.0,613.0,-67.0,680.0,0.0,680.0,0.0,680.0,1007.0,601.0,24830.0,24990.0,0.03,0.03,13143.0,4908.0,4454.0,718.0,0.0,23223.0,3774.0,0.0,6222.0,3580.0,17265.0,40488.0,6855.0,9701.0,1785.0,12284.0,19139.0,2.0,9905.0,-123.0,0.0,21349.0,40488.0,680.0,406.0,179.0,585.0,410.0,-563.0,-917.0,289.0,-873.0,392.0,-530.0,0.0,0.0,3613.0,0.0,3613.0,65.0,3148.0,0.0,0.0,0.0,-3485.0,-3485.0,-100.0,-168.0,-3753.0,-213.0,745.0,-100.0,3.3877,0.3124,0.5129,53.566,10.1332,10.1332,0.0,10.3355,11.4652,0.1465,0.6183,1.2084,74.4765,3.1852,4.4953,1.6795,2.19,0.865,0.0165,-0.0049,22473
2023-01-31,6051.0,2218.0,3833.0,1952.0,625.0,0.0,2577.0,1256.0,32.0,1288.0,-126.0,1414.0,0.0,1414.0,0.0,1414.0,1682.0,1256.0,24870.0,25070.0,0.06,0.05,13296.0,3827.0,5159.0,791.0,0.0,23073.0,3807.0,0.0,6048.0,3820.0,18109.0,41182.0,6563.0,9703.0,1913.0,12518.0,19081.0,2.0,10171.0,-43.0,0.0,22101.0,41182.0,1414.0,426.0,121.0,547.0,1080.0,-706.0,-193.0,-60.0,287.0,2248.0,-509.0,0.0,0.0,583.0,-77.0,506.0,0.0,-3.0,0.0,0.0,0.0,-858.0,-858.0,-98.0,-700.0,-1656.0,589.0,738.0,-98.0,3.5156,0.3051,0.4956,63.3449,20.7569,20.7569,0.0,21.2857,23.368,0.1469,0.4299,1.5811,56.9212,6.3979,8.8083,3.4335,4.446,0.8962,0.0892,0.0691,26196
2023-04-30,7192.0,2544.0,4648.0,1875.0,633.0,0.0,2508.0,2140.0,69.0,2209.0,166.0,2043.0,0.0,2043.0,0.0,2043.0,2524.0,2140.0,24700.0,24900.0,0.08,0.08,15320.0,4080.0,4611.0,872.0,0.0,24883.0,3740.0,0.0,5971.0,4204.0,19577.0,44460.0,7260.0,9704.0,2037.0,12680.0,19940.0,2.0,12115.0,-50.0,0.0,24520.0,44460.0,2043.0,384.0,-420.0,-36.0,-252.0,566.0,11.0,105.0,904.0,2911.0,-248.0,0.0,-83.0,-510.0,0.0,-510.0,0.0,-841.0,0.0,0.0,0.0,0.0,0.0,-99.0,-281.0,-380.0,1690.0,735.0,-99.0,3.4274,0.2835,0.4467,64.6274,29.7553,29.7553,0.0,30.7147,28.4066,0.1618,0.5517,1.7627,51.0567,8.332,11.0141,4.5951,5.9695,0.9915,0.1169,0.1069,26196
2023-07-31,13507.0,4045.0,9462.0,2040.0,622.0,0.0,2662.0,6800.0,181.0,6981.0,793.0,6188.0,0.0,6188.0,0.0,6188.0,7165.0,6800.0,24729.0,24994.0,0.25,0.25,16023.0,7066.0,4319.0,1389.0,0.0,28797.0,3799.0,0.0,5825.0,4501.0,20758.0,49555.0,10334.0,8456.0,2223.0,11720.0,22054.0,2.0,14921.0,-51.0,0.0,27501.0,49555.0,6189.0,365.0,-32.0,333.0,-2987.0,295.0,778.0,-461.0,-174.0,6348.0,-289.0,0.0,0.0,-178.0,0.0,-178.0,21.0,-446.0,-1250.0,0.0,-1250.0,-3067.0,-3067.0,-100.0,-682.0,-5099.0,803.0,841.0,-100.0,2.7866,0.2352,0.3529,70.0526,50.3443,50.3443,0.0,51.6843,45.8133,0.2726,0.9366,1.9115,47.0823,22.501,28.5477,12.4871,17.2094,1.1139,0.2535,0.2421,26196
2023-10-31,18120.0,4720.0,13400.0,2294.0,689.0,0.0,2983.0,10417.0,105.0,10522.0,1279.0,9243.0,0.0,9243.0,0.0,9243.0,10789.0,10417.0,24680.0,24940.0,0.37,0.37,18281.0,8309.0,4779.0,1289.0,0.0,32658.0,3844.0,0.0,5681.0,4667.0,21490.0,54148.0,9101.0,8457.0,2234.0,11782.0,20883.0,2.0,20360.0,-88.0,0.0,33265.0,54148.0,9243.0,372.0,450.0,822.0,-1243.0,-456.0,461.0,227.0,-2733.0,7332.0,-278.0,0.0,0.0,-2896.0,0.0,-2896.0,4.0,-3170.0,0.0,0.0,0.0,-3807.0,-3807.0,-97.0,-621.0,-4525.0,-363.0,979.0,-97.0,3.5884,0.2027,0.2918,73.9514,57.489,57.489,0.0,58.0684,51.0099,0.3346,0.9877,2.1808,41.2699,27.786,33.5086,17.0699,22.1538,1.3489,0.2948,0.2836,26196
2024-01-31,22103.0,5312.0,16791.0,2466.0,710.0,0.0,3176.0,13615.0,491.0,14106.0,1820.0,12286.0,0.0,12286.0,0.0,12286.0,14002.0,13615.0,24690.0,24940.0,0.51,0.49,25984.0,9999.0,5282.0,3080.0,0.0,44345.0,3914.0,0.0,5542.0,4500.0,21383.0,65728.0,10631.0,8459.0,2541.0,12119.0,22750.0,25.0,29817.0,27.0,0.0,42978.0,65728.0,12285.0,387.0,546.0,933.0,-1690.0,-503.0,281.0,-879.0,-1719.0,11499.0,-254.0,0.0,0.0,-4845.0,-861.0,-5706.0,-149.0,-6109.0,0.0,0.0,0.0,-2256.0,-2256.0,-99.0,-1274.0,-3629.0,1761.0,994.0,-99.0,4.1713,0.1645,0.2259,75.9671,61.598,61.598,0.0,63.8194,55.5852,0.3363,1.0057,2.2105,40.7144,28.5867,32.8187,18.6922,23.8855,1.744,0.4611,0.4508,29600
2024-04-30,26044.0,5638.0,20406.0,2720.0,777.0,0.0,3497.0,16909.0,370.0,17279.0,2398.0,14881.0,0.0,14881.0,0.0,14881.0,17319.0,16909.0,24620.0,24890.0,0.6,0.6,31438.0,12365.0,5864.0,4062.0,0.0,53729.0,4006.0,0.0,5439.0,4568.0,23343.0,77072.0,15223.0,8460.0,2966.0,12707.0,27930.0,2.0,36598.0,-109.0,0.0,49142.0,77072.0,14881.0,410.0,-780.0,-370.0,-2366.0,-577.0,-22.0,-403.0,834.0,15345.0,-369.0,0.0,-39.0,-5150.0,-135.0,-5285.0,0.0,-5693.0,0.0,0.0,0.0,-7740.0,-7740.0,-98.0,-1507.0,-9345.0,307.0,1011.0,-98.0,3.5295,0.1469,0.1976,78.352,64.9247,64.9247,0.0,66.3454,57.1379,0.3379,0.9615,2.1063,42.7296,30.2816,34.0503,19.3079,25.8342,1.9985,0.6165,0.6017,29600
2024-07-31,30040.0,7466.0,22574.0,3090.0,842.0,0.0,3932.0,18642.0,572.0,19214.0,2615.0,16599.0,0.0,16599.0,0.0,16599.0,19075.0,18642.0,24578.0,24848.0,0.68,0.67,34800.0,14132.0,6675.0,4026.0,0.0,59633.0,4885.0,0.0,5574.0,4001.0,25594.0,85227.0,13969.0,8461.0,3336.0,13101.0,27070.0,25.0,45961.0,56.0,0.0,58157.0,85227.0,16599.0,433.0,-884.0,-451.0,-1767.0,-803.0,823.0,975.0,-1660.0,14488.0,-977.0,0.0,-278.0,-2064.0,135.0,-1929.0,0.0,-3184.0,-1250.0,0.0,-1250.0,-7158.0,-7158.0,-246.0,-1666.0,-10320.0,984.0,1153.0,-246.0,4.269,0.127,0.1455,75.1465,62.0573,62.0573,0.0,63.9614,55.2563,0.3525,1.1185,2.1257,42.3396,28.5417,31.5672,19.4762,24.9167,2.3678,0.5841,0.5448,29600
2024-10-31,35082.0,8926.0,26156.0,3390.0,897.0,0.0,4287.0,21869.0,447.0,22316.0,3007.0,19309.0,0.0,19309.0,0.0,19309.0,22347.0,21869.0,24533.0,24774.0,0.79,0.78,38487.0,17693.0,7654.0,3806.0,0.0,67640.0,5343.0,0.0,5562.0,5437.0,28373.0,96013.0,16479.0,8462.0,3683.0,13635.0,30114.0,25.0,53950.0,103.0,0.0,65899.0,96013.0,19309.0,478.0,534.0,1012.0,-3561.0,-977.0,1689.0,-449.0,-2694.0,17627.0,-813.0,0.0,-148.0,-3385.0,0.0,-3385.0,0.0,-4346.0,0.0,0.0,0.0,-10997.0,-10997.0,-245.0,-1503.0,-12745.0,536.0,1252.0,-245.0,4.1046,0.1138,0.1284,74.5568,62.3368,62.3368,0.0,63.611,55.0396,0.3654,1.1662,1.9828,45.39,29.3009,32.0019,20.1108,25.9666,2.6889,0.7151,0.6821,29600
2025-01-31,39331.0,10609.0,28722.0,3714.0,975.0,0.0,4689.0,24033.0,1184.0,25217.0,3126.0,22091.0,0.0,22091.0,0.0,22091.0,24576.0,24033.0,24555.0,24804.0,0.9,0.89,43210.0,23065.0,10080.0,3771.0,0.0,80126.0,6283.0,0.0,5995.0,6425.0,31475.0,111601.0,18047.0,8463.0,4245.0,14227.0,32274.0,24.0,68038.0,28.0,0.0,79327.0,111601.0,22091.0,543.0,-142.0,401.0,-5369.0,-2424.0,867.0,703.0,-5863.0,16629.0,-1077.0,0.0,-542.0,-4286.0,-1315.0,-5601.0,22.0,-7198.0,0.0,0.0,0.0,-7321.0,-7321.0,-245.0,-2383.0,-9949.0,-518.0,1321.0,-245.0,4.4399,0.0964,0.1067,73.0264,61.1045,61.1045,0.0,64.1148,56.1669,0.3524,1.0525,1.7052,52.779,27.848,30.1246,19.7946,25.1635,3.2409,0.6681,0.6248,36000
2025-04-30,44062.0,17394.0,26668.0,3989.0,1041.0,0.0,5030.0,21638.0,272.0,21910.0,3135.0,18775.0,0.0,18775.0,0.0,18775.0,22249.0,21638.0,24441.0,24611.0,0.77,0.76,53691.0,22132.0,11333.0,2779.0,0.0,89935.0,7136.0,0.0,6267.0,6788.0,35319.0,125254.0,26542.0,8464.0,4884.0,14869.0,41411.0,24.0,72158.0,186.0,0.0,83843.0,125254.0,18775.0,611.0,-626.0,-15.0,933.0,-1258.0,941.0,910.0,8654.0,27414.0,-1227.0,0.0,-383.0,-2957.0,-649.0,-3606.0,0.0,-5216.0,0.0,0.0,0.0,-14095.0,-14095.0,-244.0,-1214.0,-15553.0,6645.0,1474.0,-244.0,3.3884,0.0917,0.101,60.5238,49.1081,49.1081,0.0,49.7254,42.6104,0.3518,1.5348,1.9909,45.2063,22.3931,24.2021,14.9895,20.3397,3.4379,1.1139,1.064,36000
